;alpha;batch_size;kernel_size;dilations;n_filters;l2_lambda;learning_rate;time_steps_in;coverage;avg_width;avg_width_transformed;cwc;coverage_conf;avg_width_conf;avg_width_transformed_conf;cwc_conf
0;0.05;16;7;1;256;0.0001;0.001;6;0.0;0.06628842155138652;10.064571380615234;7.468414219945953e-12;0.08649789029535865;0.16287283697973878;24.728985311226108;7.701331375823021e-07
1;0.05;16;7;2;256;0.0001;0.001;6;0.0;0.06628842155138652;10.064571380615234;7.468414219945953e-12;0.08649789029535865;0.16287283697973878;24.728985311226108;7.701331375823021e-07
