;alpha;batch_size;kernel_size;dilations;n_filters;l2_lambda;learning_rate;time_steps_in;coverage;avg_width;avg_width_transformed;cwc;coverage_conf;avg_width_conf;avg_width_transformed_conf;cwc_conf
0;0.05;16;7;1;256;0.0001;0.001;6;0.0;0.002413436770439148;0.3664321660995483;2.7291921483769598e-12;0.00569620253164557;0.02105868147081453;3.197339927408177;4.34052242034856e-11
1;0.05;16;7;2;256;0.0001;0.001;6;0.0;0.002413436770439148;0.3664321660995483;2.7291921483769598e-12;0.00569620253164557;0.02105868147081453;3.197339927408177;4.34052242034856e-11
